Q1:-
Ans:-
                 
 select * from customers;
+-------------+------------+-----------+-------------------+------------+-----------+-------+----------+
| customer_id | first_name | last_name | email             | address    | city      | state | zip_code |
+-------------+------------+-----------+-------------------+------------+-----------+-------+----------+
|           1 | Ram        | Kaka      | ramu@gmail.com    | Badarpur   | NEW-DELHI | DL    | 00221    |
|           2 | Farh Aktar | Akhtar    | farhan@gmail.com  | Jaitpur    | Haryana   | HR    | 00222    |
|           3 | Rohan      | Kumar     | rahul@gmail.com   | Lal Kuan   | Haryana   | HR    | 00225    |
|           4 | Diljeetwa  | D'suja    | diljeet@gmail.com | Chandigarh | Punjab    | PJ    | 11005    |
|           5 | Swmeer     | Kaur      | simran@gmail.com  | Chandigarh | Punjab    | PJ    | 11005    |
+-------------+------------+-----------+-------------------+------------+-----------+-------+----------+
5 rows in set (0.00 sec)




mysql> select * from orders;
+----------+-------------+-------------------+
| order_id | customer_id | order_placed_date |
+----------+-------------+-------------------+
|      101 |           1 | 2016-05-02        |
|      102 |           2 | 2016-05-04        |
|      103 |           3 | 2016-05-06        |
|      104 |           4 | 2016-07-19        |
|      105 |           5 | 2016-07-20        |
+----------+-------------+-------------------+
5 rows in set (0.00 sec)
