Q4:
ans:mysql> select * from person;
+----------+----------+-----------+
| personId | lastName | firstName |
+----------+----------+-----------+
|        1 | Wang     | Allen     |
|        2 | Alice    | Bob       |
+----------+----------+-----------+
2 rows in set (0.00 sec)

mysql> select * from address;
+-----------+----------+---------------+------------+
| addressId | personId | city          | state      |
+-----------+----------+---------------+------------+
|         1 |        2 | New York City | New York   |
|         2 |        3 | San Siego     | California |
+-----------+----------+---------------+------------+
2 rows in set (0.00 sec)

mysql> select firstName,lastName,city,state from person left join address on person.personId=address.personId;
+-----------+----------+---------------+----------+
| firstName | lastName | city          | state    |
+-----------+----------+---------------+----------+
| Allen     | Wang     | NULL          | NULL     |
| Bob       | Alice    | New York City | New York |
+-----------+----------+---------------+----------+
2 rows in set (0.00 sec)